zone,buy,renew
рф,129,999
ru,129,999
спб.рф,193,499
fun,199,3689
website,199,2939
space,199,2859
tashkent.su,203,499
com.ru,203,499
chimkent.su,203,499
khakassia.su,203,499
mangyshlak.su,203,499
termez.su,203,499
bryansk.su,203,499
vladikavkaz.ru,203,499
dagestan.ru,203,499
north-kazakhstan.su,203,499
vologda.su,203,499
mordovia.su,203,499
aktyubinsk.su,203,499
pokrovsk.su,203,499
karacol.su,203,499
kalmykia.su,203,499
cbg.ru,203,499
mytis.ru,203,499
ivanovo.su,203,499
sochi.su,203,499
jambyl.su,203,499
vladikavkaz.su,203,499
org.ru,203,508
azerbaijan.su,203,499
navoi.su,203,499
bir.ru,203,499
vladimir.su,203,499
abkhazia.su,203,499
krasnodar.su,203,499
pp.ru,203,508
murmansk.su,203,499
kustanai.su,203,499
tselinograd.su,203,499
karelia.su,203,499
marine.ru,203,499
troitsk.su,203,499
msk.su,203,499
nalchik.su,203,499
vladimir.ru,203,499
nov.ru,203,499
kurgan.su,203,499
east-kazakhstan.su,203,499
kustanai.ru,203,499
adygeya.su,203,499
lenug.su,203,499
spb.su,203,499
nalchik.ru,203,499
grozny.ru,203,499
adygeya.ru,203,499
tuva.su,203,499
mordovia.ru,203,499
karaganda.su,203,499
obninsk.su,203,499
msk.ru,203,499
nov.su,203,499
balashov.su,203,499
bukhara.su,203,499
arkhangelsk.su,203,499
armenia.su,203,499
tula.su,203,499
pyatigorsk.ru,203,499
kalmykia.ru,203,499
kaluga.su,203,499
grozny.su,203,499
penza.su,203,499
spb.ru,203,499
bashkiria.ru,203,499
ru.net,203,499
exnet.su,203,499
togliatti.su,203,499
bashkiria.su,203,499
dagestan.su,203,499
ashgabad.su,203,499
net.ru,203,508
georgia.su,203,499
pics,233,5847
yachts,233,2878
lol,233,5848
mom,233,5847
skin,233,2878
autos,233,2878
makeup,233,2878
quest,233,2878
beauty,233,2878
monster,233,2878
motorcycles,233,2616
homes,233,2878
boats,233,2878
hair,233,2878
site,249,3749
store,249,5529
shop,249,7019
online,249,4689
press,249,6389
tech,299,5259
xyz,305,2830
host,349,5439
pw,349,2349
uno,399,2599
today,409,5145
life,409,6549
digital,409,7484
company,419,3743
pro,469,4449
world,499,7485
guru,499,7718
art,509,4679
info,559,4449
tatar,565,564
help,590,5848
bar,590,11697
su,609,609
blog,701,4678
team,729,6549
fyi,793,1169
sarl,793,1169
gripe,793,1169
top,797,1175
agency,819,5613
city,889,5149
com.de,907,907
дети,915,915
ltd,919,5612
moscow,992,992
москва,992,992
name,1047,1543
рус,1109,1414
center,1139,5848
group,1159,4678
market,1159,7952
fans,1270,1871
de,1297,1683
media,1399,8186
in.net,1404,1404
expert,1499,11227
com.ng,1543,1545
co.uk,1565,1565
eu,1566,1564
gb.net,1575,1575
org,1579,2329
com,1629,2349
jp.net,1638,1638
games,1669,6081
net,1739,2569
org.kz,1769,1769
com.kz,1769,1769
wang,1814,2674
observer,1873,2760
pictures,1908,2807
es,1987,3507
studio,1999,7250
com.es,2049,2049
nom.es,2049,2049
org.es,2049,2049
futbol,2062,3042
icu,2093,2809
click,2093,2807
cyou,2094,2854
academy,2099,8420
vip,2267,3040
be,2293,2293
mex.com,2338,2340
tel,2354,3470
business,2379,3509
us,2384,2383
asia,2499,3738
cymru,2513,3704
wales,2513,3703
page,2529,3727
reisen,2540,3741
college,2549,11696
rent,2549,11697
baby,2549,11697
gr.com,2646,2646
irish,2698,3977
exposed,2698,3975
rocks,2700,3978
radio.fm,2808,2808
radio.am,2808,2807
cz,2830,8233
kz,2837,2837
rip,2857,4210
lighting,2857,4209
graphics,2857,4209
red,2857,4210
gratis,2857,4211
kim,2858,4210
report,3014,4442
moe,3015,4446
supplies,3016,4442
ist,3021,4447
in,3023,3021
club,3025,4454
dev,3060,4586
eu.com,3149,3149
de.com,3149,3149
ooo,3171,4675
management,3172,4676
pink,3172,4678
supply,3172,4676
football,3172,4680
soccer,3172,4676
work,3260,4372
cn.com,3274,7019
institute,3331,4910
dance,3333,4912
directory,3333,4910
run,3333,4910
support,3334,4912
at,3343,3343
pl,3396,4212
wiki,3489,4677
technology,3492,5145
gallery,3492,5145
schule,3492,5144
equipment,3492,5144
us.org,3509,3508
ae.org,3509,3508
us.com,3509,3508
app,3572,4461
discount,3648,5380
kaufen,3651,5380
photos,3651,5379
bargains,3651,5380
bz,3742,3744
earth,3749,5525
istanbul,3749,5525
онлайн,3757,5038
сайт,3757,5038
solutions,3809,5613
tips,3809,5613
international,3809,5614
ninja,3809,5613
band,3810,5615
miami,3846,5668
cx,3855,3856
com.pl,3878,3876
gift,3918,5771
boston,3924,5782
democrat,3965,5848
boutique,3965,5848
florist,3965,5848
cab,3965,5848
clothing,3965,5848
jetzt,3978,5861
net.za,4004,4004
org.za,4004,4004
africa,4021,6786
shopping,4048,5965
saarland,4057,5979
cc,4087,4086
haus,4124,6081
foundation,4127,6082
gives,4127,6082
singles,4127,6081
email,4187,5709
luxe,4190,6287
edu.pl,4227,4228
org.pl,4230,4228
net.pl,4230,4230
info.pl,4230,4230
biz.pl,4231,4229
money,4283,6316
network,4285,6315
systems,4285,6315
education,4285,6315
immo,4286,6316
builders,4286,6316
contractors,4286,6316
enterprises,4286,6316
casa,4373,6561
onl,4427,6522
repair,4441,6550
auction,4441,6550
tools,4441,6550
wtf,4441,6549
school,4441,6550
gifts,4441,6550
limited,4441,6550
cheap,4445,6550
photography,4445,6549
forsale,4445,6550
video,4445,6550
rehab,4445,6550
town,4445,6550
tj,4446,4446
co.at,4459,4458
promo,4461,6571
blue,4475,6593
soy,4483,6606
pet,4585,6762
immobilien,4604,6784
ch,4625,4626
one,4670,6880
tokyo,4677,7016
yokohama,4677,7017
nagoya,4677,7017
lt,4678,4678
co.com,4679,4678
kiwi,4679,7016
bet,4753,7006
works,4758,7017
cards,4758,7018
properties,4758,7018
estate,4758,7018
engineer,4758,7018
exchange,4758,7018
mobi,4758,7017
vacations,4758,7018
construction,4758,7018
deals,4758,7018
services,4758,7017
associates,4758,7018
catering,4758,7018
computer,4758,7018
farm,4758,7018
express,4758,7018
mba,4758,7018
family,4758,7018
fail,4758,7018
cash,4758,7018
sale,4758,7017
best,4758,3509
bike,4758,7018
zone,4758,7017
accountant,4879,7196
faith,4883,7197
loan,4883,7195
date,4883,7197
racing,4883,7195
party,4883,7195
stream,4883,7195
win,4883,7195
men,4883,7195
trade,4883,7195
science,4883,7195
download,4883,7195
webcam,4883,7196
bid,4883,7196
pub,4917,7252
productions,4921,7251
how,4970,7324
tube,4988,7350
parts,5076,7486
software,5076,7485
marketing,5076,7485
land,5076,7485
fitness,5076,7486
moda,5076,7487
direct,5076,7486
training,5076,7485
social,5080,7485
guide,5080,7485
vet,5080,7486
io,5099,16142
uk.net,5115,5115
uk.com,5115,5115
si,5147,5147
qpon,5232,7710
cam,5232,7709
domains,5239,7719
coffee,5239,7718
brussels,5353,7887
vlaanderen,5353,7887
gent,5365,7906
cologne,5369,7916
koeln,5371,7916
watch,5393,7953
show,5393,7953
fish,5393,7953
rentals,5397,7953
actor,5397,7952
house,5397,7952
quebec,5459,8187
cloud,5482,7351
love,5484,8228
gmbh,5551,8187
cool,5551,8188
industries,5551,8187
vision,5551,8188
chat,5551,8188
community,5551,8186
events,5551,8186
ws,5652,6205
buzz,5756,8481
se.net,5793,5795
hu.net,5793,5793
lv,5846,9826
tv,5848,5848
rodeo,5973,8958
me,6028,5926
garden,6037,8896
cooking,6037,8896
horse,6037,8896
beer,6037,8896
fishing,6037,8896
surf,6037,8896
wedding,6037,8895
fashion,6037,8896
yoga,6037,8896
vodka,6037,8896
nyc,6245,9364
broker,6253,9214
menu,6278,9251
photo,6286,9263
li,6306,6311
lat,6313,9303
degree,6344,9357
cafe,6344,9357
memorial,6344,9356
la,6425,6426
co.bz,6427,6426
com.bz,6427,6426
org.bz,6427,6426
net.bz,6427,6426
tw,6427,6425
srl,6453,9508
bingo,6509,9590
plus,6662,9825
coupons,6667,9824
consulting,6667,9824
diamonds,6667,9823
surgery,6667,9824
limo,6667,9824
frl,6686,9854
courses,6744,9936
viajes,6747,9941
bayern,6806,10029
cruises,6826,10057
lease,6826,10058
london,6860,10292
im,6915,6918
org.im,6919,6917
com.im,6919,6917
net.im,6919,6917
co.im,6919,6919
idv.tw,6937,6939
ltda,6977,10280
design,6978,9358
apartments,6980,10293
maison,6985,10292
salon,6985,10292
hospital,6985,10292
gs,6986,6988
club.tw,6986,6986
game.tw,6986,6988
ebiz.tw,6986,6986
com.am,7018,7017
am,7018,7019
org.am,7018,7017
jpn.com,7018,7017
co.am,7018,7017
net.am,7018,7019
scot,7018,10527
financial,7137,10525
flights,7137,10525
church,7137,10525
condos,7137,10525
voyage,7137,10526
camera,7137,10525
llc,7293,10748
vin,7302,10760
tienda,7302,10759
ventures,7302,10760
villas,7302,10759
wine,7302,10760
hockey,7302,10760
study,7418,10931
tattoo,7440,10972
university,7620,11227
tours,7620,11228
reviews,7620,11229
taxi,7620,11228
attorney,7620,11227
camp,7620,11227
delivery,7620,11227
lawyer,7620,11227
br.com,7718,7720
dating,7930,11696
dog,7930,11696
shoes,7930,11695
kitchen,7930,11696
golf,7930,11696
claims,7930,11698
holiday,7930,11696
finance,7930,11696
tennis,7930,11696
pizza,7930,11695
jewelry,7930,11695
restaurant,7930,11696
solar,7930,11695
black,7930,11697
engineering,7930,11696
clinic,7930,11696
dentist,7930,11695
toys,7930,11695
holdings,7930,11696
theater,7930,11695
ski,7930,11696
gr,7953,3976
care,7959,7953
vc,7966,7966
net.vc,7967,7967
org.vc,7967,7967
com.vc,7967,7967
nu,8051,6745
fi,8187,8188
lu,8245,8246
tax,8255,12163
poker,8255,12165
wien,8312,12249
sx,8418,8420
fit,8466,11353
voto,8572,12632
nz,8708,8709
co,8714,8715
partners,8723,12865
careers,8723,12865
fund,8723,12865
legal,8723,12865
codes,8723,12865
capital,8723,12865
melbourne,8833,13251
glass,8890,13099
insure,8890,13099
plumbing,8890,13099
ng,8995,8996
cleaning,9208,13566
bzh,9336,13757
dental,9516,14034
recipes,9516,14034
coach,9516,14034
hamburg,9712,14319
green,9843,14503
vegas,9943,14651
fan,10089,14867
cl,10179,14038
berlin,10497,15469
qa,10528,10529
markets,10708,16066
healthcare,10795,15906
sk,10842,10843
tires,11102,16375
vote,11102,16375
cricket,11860,17477
global,11895,17544
build,12210,17991
trading,12316,18474
pk,12491,12490
credit,12688,18714
furniture,12688,18712
airforce,12688,18716
gold,12688,18714
waw.pl,12700,12687
org.lc,12852,12854
com.lc,12852,12853
co.lc,12852,12850
net.lc,12852,12850
ro,12865,12867
health,13238,16532
md,14136,33920
loans,14274,21054
accountants,14274,21054
energy,14274,21054
physio,14302,21073
eco,14440,21278
ec,14780,14780
film,14826,21847
co.ag,15420,15421
net.ag,15420,15421
com.ag,15420,15420
org.ag,15420,15420
ae,15500,15501
career,15595,23393
investments,15860,23392
realestate,16134,23775
ps,16580,16578
lc,16707,16706
com.nf,16708,16707
org.nf,16708,16708
net.nf,16708,16707
net.so,17349,17348
mu,17543,18012
travel,18239,26901
org.sb,19036,19035
com.sb,19036,19035
net.sb,19036,19036
jobs,19187,28273
net.hn,19275,19276
hn,19275,19276
com.ve,19275,19275
co.ve,19275,19280
casino,19825,29242
creditcard,19825,29240
fm,19883,19884
nom.ag,19883,19883
ac,20511,20511
sh,20513,20511
ai,21407,21407
com.cm,21851,21847
net.cm,21851,21847
co.cm,21851,21851
adult,22873,33735
ag,22874,22874
porn,22894,33735
sex,22894,33735
com.hn,22924,22924
org.hn,22924,22924
cm,23393,23393
audio,23765,35650
diet,23766,35648
to,24093,24093
ru.com,24250,32524
com.ly,25730,25732
sc,28068,28070
sr,28072,28072
mg,29063,29063
nf,30841,30842
hiv,34854,51404
ly,42408,42411
movie,42822,63162
sucks,47095,69397
realty,51600,76107
game,51890,109235
za.com,69934,69950
sa.com,69948,69937
hosting,71302,106952
theatre,79300,116967
storage,79300,116967
tm,127226,127226
protection,317200,467870
security,317200,467870
cars,418250,616858
car,418250,616858
auto,418250,616858
country,536267,790915
whoswho,894011,1318510
